{"cameraMode":{"drawMode":0,"name":"Shaded","section":"Shading Mode"},"sceneLighting":true,"audioPlay":false,"sceneViewState":{"m_AlwaysRefresh":false,"showFog":true,"showSkybox":true,"showFlares":true,"showImageEffects":true,"showParticleSystems":true,"showVisualEffectGraphs":true,"m_FxEnabled":true},"in2DMode":false,"pivot":{"x":4.080986022949219,"y":27.814966201782228,"z":-13.257294654846192},"rotation":{"x":-0.47662752866744997,"y":-0.0021126712672412397,"z":0.0011492479825392366,"w":-0.8791342377662659},"size":2.1954596042633058,"orthographic":false}